"Theta [deg]","dB(RealizedGainTotal) [] - Freq='4GHz' Phi='0deg'","dB(RealizedGainTotal) [] - Freq='4GHz' Phi='45deg'","dB(RealizedGainTotal) [] - Freq='4GHz' Phi='90deg'","dB(RealizedGainTotal) [] - Freq='4GHz' Phi='135deg'"
-180,-14.2715989732952,-14.2715989732952,-14.2715989732953,-14.2715989732952
-179.5,-15.1683963974007,-14.9916553075095,-14.3125645006634,-13.5152910437698
-179,-15.5567383989448,-15.398763915355,-14.2605562736693,-12.7105280795865
-178.5,-15.2855303021484,-15.3273534293501,-14.1194392064265,-11.9512160397876
-178,-14.4895123261694,-14.7720579905718,-13.899543261195,-11.2833323047101
-177.5,-13.4465818179838,-13.893385201166,-13.6156285926854,-10.7245920377261
-177,-12.3732590522408,-12.8877602409967,-13.2844140162662,-10.2781792368982
-176.5,-11.3808596022984,-11.8944538656255,-12.922410101943,-9.94020353241501
-176,-10.5127968189972,-10.9876989142877,-12.5444532159774,-9.70323644799209
-175.5,-9.78011781017095,-10.199991342747,-12.1629726378084,-9.55772171803149
-175,-9.1807443698299,-9.54248640997927,-11.7878142499363,-9.49227350855272
-174.5,-8.70818783078871,-9.01686746418114,-11.4263971144037,-9.49340683384014
-174,-8.35516934085148,-8.62134707018084,-11.0840218425405,-9.5450432595225
-173.5,-8.11498655725733,-8.35354674687316,-10.7642160004724,-9.62811067754128
-173,-7.98190726987989,-8.21187450615484,-10.4690580018595,-9.72063179336656
-172.5,-7.95113214365397,-8.19622817002127,-10.1994581073048,-9.79876570406094
-172,-8.01853712756823,-8.30843372091854,-9.95539587031006,-9.83915402164531
-171.5,-8.18025133080828,-8.55262580119915,-9.73612299861932,-9.82244334098262
-171,-8.43204289765781,-8.93568147913302,-9.54034363483327,-9.73705939847477
-170.5,-8.76842890548267,-9.4677628501117,-9.36638337304054,-9.5817088348347
-170,-9.18138382302696,-10.1629519921292,-9.21235548914747,-9.36537355763505
-169.5,-9.6585151154507,-11.0397653543571,-9.07632870350395,-9.10477819562702
-169,-10.1806787159748,-12.1206982601786,-8.95649590252242,-8.82054103910184
-168.5,-10.7193812804228,-13.4278457781329,-8.8513382924129,-8.53353546628168
-168,-11.2351685935588,-14.9647768259812,-8.75977531862063,-8.26240512406961
-167.5,-11.6794496554191,-16.6550264923408,-8.68128833092787,-8.02237892541122
-167,-12.0026614701133,-18.1822172842437,-8.61600617369543,-7.82504796909187
-166.5,-12.1688180590109,-18.854872714772,-8.56474383223586,-7.67865937872614
-166,-12.1698886624885,-18.2016409309327,-8.52899037201107,-7.58857799975037
-165.5,-12.0298592093461,-16.7098354272476,-8.51084834665374,-7.55770450138877
-165,-11.7951817662488,-15.0630790957777,-8.5129319733799,-7.58674426796247
-164.5,-11.5191599944785,-13.5679500380132,-8.53823424089679,-7.67428461704085
-164,-11.2498851135416,-12.2957550935653,-8.58997292065031,-7.8166728312804
-163.5,-11.0251894172762,-11.2398045447956,-8.67142213981094,-8.00771447230584
-163,-10.8727572728575,-10.3752478819318,-8.78573022737527,-8.23825073256587
-162.5,-10.8124213457321,-9.67653381566745,-8.93571662408601,-8.49574352901935
-162,-10.8586992999136,-9.12145685795634,-9.12363130114456,-8.76410605300922
-161.5,-11.0226990189761,-8.6913413536532,-9.35084980167571,-9.02414038053679
-161,-11.3130079542222,-8.37022253574795,-9.61746655250037,-9.25499147422265
-160.5,-11.7351180245889,-8.14383918895375,-9.92174112208454,-9.43683593974323
-160,-12.2883556397647,-7.99864387430802,-10.2593537967964,-9.55447314521526
-159.5,-12.9580655995472,-7.92087221238032,-10.622454549355,-9.60074538203035
-159,-13.6991547805657,-7.89569917059745,-10.998573897784,-9.57835338644547
-158.5,-14.4082874098601,-7.90656338658668,-11.3696482553586,-9.49918260301919
-158,-14.8992660484558,-7.93483164862486,-11.7117186976701,-9.38147936483454
-157.5,-14.9422549144291,-7.96007006510525,-11.9961944155118,-9.24617395640118
-157,-14.4166550082499,-7.96120991003138,-12.1935733316103,-9.11368621371932
-156.5,-13.4258961534797,-7.91872816851046,-12.2796252087109,-9.00190287174856
-156,-12.1959106632728,-7.81753561936303,-12.2421915162691,-8.92532757735799
-155.5,-10.9167814798949,-7.64972120218225,-12.085274528263,-8.89504774907078
-155,-9.69548406535181,-7.41604754551907,-11.8279741667453,-8.91912070192322
-154.5,-8.57858979681262,-7.12549255577699,-11.4989504274384,-9.00308732632809
-154,-7.58088988892809,-6.79303245055134,-11.1295593498492,-9.15044555699303
-153.5,-6.70291703361638,-6.43661593194429,-10.748587136066,-9.36300527667756
-153,-5.93965374295497,-6.07439001796234,-10.3796252462629,-9.6410960981603
-152.5,-5.2844969317024,-5.7228049812837,-10.0405927082242,-9.98362110676201
-152,-4.73096463479428,-5.39569101575204,-9.744437545441,-10.3879557889557
-151.5,-4.27338121708774,-5.10407417996174,-9.50024395436244,-10.8496918603035
-151,-3.9071171633935,-4.85641892687404,-9.31431823651329,-11.3622283348682
-150.5,-3.62864698458509,-4.65904258524142,-9.19108444085257,-11.9162246678398
-150,-3.43554603775895,-4.51653993004652,-9.13375783877415,-12.4989621311698
-149.5,-3.32648293350824,-4.43213112875087,-9.14481848767356,-13.0937188595226
-149,-3.30123632350483,-4.40789107376801,-9.22631719941922,-13.6793539557673
-148.5,-3.36075423332185,-4.44483686102274,-9.38003564330075,-14.2303983135697
-148,-3.5072725273532,-4.5428509792022,-9.60750105115519,-14.7180061859292
-147.5,-3.74451352798776,-4.70040752913646,-9.90982531511337,-15.11203396151
-147,-4.07799611095909,-4.91405391303852,-10.2872938722355,-15.3842015358641
-146.5,-4.515506943848,-5.17759103471528,-10.7385640090694,-15.5118137077203
-146,-5.0678140710407,-5.48091291862206,-11.259239255504,-15.4811254961868
-145.5,-5.74975886462179,-5.80855677302035,-11.839480913673,-15.2894120689056
-145,-6.58195938468275,-6.1382511183839,-12.4602916267173,-14.945193246416
-144.5,-7.59353076815175,-6.44019981242315,-13.0884637275502,-14.4666283698656
-144,-8.82652105937789,-6.67840807756474,-13.6716106305911,-13.8785831337249
-143.5,-10.3431335510252,-6.81549580849503,-14.1378911546996,-13.2091520799891
-143,-12.236324936588,-6.82114892134541,-14.408262721623,-12.4864424663133
-142.5,-14.63486579643,-6.68137202581441,-14.4245927150907,-11.7361890272487
-142,-17.6084936258038,-6.40338135330904,-14.1790161528678,-10.9803986064979
-141.5,-20.3307398968525,-6.01282829025402,-13.7184408788641,-10.2369040863093
-141,-19.8010392037044,-5.54527587432883,-13.1195852735873,-9.51954769069835
-140.5,-16.801799410219,-5.03707138512697,-12.4582054100053,-8.83870426825214
-140,-13.9698117753937,-4.51937938160564,-11.7923830985663,-8.2019251908569
-139.5,-11.7183235856768,-4.01597103000908,-11.1602631356951,-7.61456923383683
-139,-9.93363806940996,-3.54351256138674,-10.5844075764887,-7.08035552594941
-138.5,-8.49413896732191,-3.11292326864455,-10.0770941488667,-6.60181772533617
-138,-7.31509327251231,-2.73090036358361,-9.64446373000027,-6.18066221343355
-137.5,-6.33949302255999,-2.40121788326634,-9.28928657251926,-5.8180433048365
-137,-5.52820547580454,-2.12570319344419,-9.01267930126493,-5.51477110879753
-136.5,-4.8535729865521,-1.90492053407073,-8.81514029198071,-5.27146660347115
-136,-4.29549128257136,-1.73862589409482,-8.69717455606586,-5.08867587026039
-135.5,-3.83898175623396,-1.62605467414056,-8.65968294375442,-4.96695232538164
-135,-3.47264754009789,-1.56608949300076,-8.70422157178024,-4.90691253191211
-134.5,-3.18766087125132,-1.55734068064341,-8.83319213956423,-4.90926770597847
-134,-2.97707765245173,-1.59815969557555,-9.04999228356605,-4.97482896034246
-133.5,-2.83535818234689,-1.68659630066865,-9.35912639660146,-5.10447894979924
-133,-2.75801988633375,-1.82030344745855,-9.76623714824188,-5.29909475097778
-132.5,-2.74137473127532,-1.99638918011284,-10.2779409063378,-5.55939473697793
-132,-2.7823195534178,-2.21121274905401,-10.9011824928181,-5.88566322595726
-131.5,-2.87815645802654,-2.46012367707073,-11.6414468169802,-6.27727722954768
-131,-3.02642533115769,-2.73715010448308,-12.4983277570902,-6.73191635745969
-130.5,-3.22473280228791,-3.0346600042324,-13.4552672770812,-7.24428161224605
-130,-3.47056264869467,-3.34304994227933,-14.4579100426011,-7.80410366309012
-129.5,-3.76105245548027,-3.65056255880414,-15.3775716693965,-8.39326770646179
-129,-4.09272143171893,-3.94338805405284,-15.9842346796019,-8.98223244195679
-128.5,-4.46113650553467,-4.20623936439379,-16.0201647871614,-9.52695762555692
-128,-4.86051148872985,-4.42355351946122,-15.4085950183719,-9.96949814541842
-127.5,-5.28325260666541,-4.5813063205871,-14.3349451200076,-10.2469900875342
-127,-5.71950038342896,-4.66913435719535,-13.0629850554481,-10.3107611109572
-126.5,-6.15677924524429,-4.68216541192705,-11.7750166767265,-10.1471066919628
-126,-6.57994903621624,-4.62189448023243,-10.5590230294274,-9.783800129358
-125.5,-6.97172694730576,-4.4957487637657,-9.44690175151164,-9.27642700353408
-125,-7.31404033110589,-4.31552051448945,-8.44446149801767,-8.6864804987601
-124.5,-7.59027780714807,-4.09526487543851,-7.54701310015769,-8.06579868439881
-124,-7.78808779978269,-3.8493217789095,-6.74638526392684,-7.45131532529483
-123.5,-7.90189504738728,-3.59088149781726,-6.03385306099123,-6.86637525353478
-123,-7.93414366185928,-3.33119844197202,-5.40126202111962,-6.32423859104443
-122.5,-7.89470922388504,-3.07934221563459,-4.84138376695137,-5.83144323556158
-122,-7.79874897563672,-2.84229812904102,-4.34795652201179,-5.39031676203406
-121.5,-7.66389207023729,-2.62524573069957,-3.91560611071073,-5.00065176687581
-121,-7.50771819956533,-2.43189570842732,-3.53973049493119,-4.66075599734104
-120.5,-7.34606300919056,-2.26481661425069,-3.21638172319287,-4.36808412264953
-120,-7.19221476543689,-2.1257198844498,-2.94215772474458,-4.11960411443728
-119.5,-7.05678689162132,-2.01569392860384,-2.71410714502166,-3.91199998577582
-119,-6.94798599174221,-1.9353895221208,-2.52964657867454,-3.74177556654334
-118.5,-6.87204989793506,-1.88516351707097,-2.3864880835752,-3.60529989402383
-118,-6.83371558511987,-1.86518906516638,-2.2825743938307,-3.49882001050228
-117.5,-6.83664755053744,-1.87554003994107,-2.21601917957844,-3.41845826185845
-117,-6.88380268841492,-1.91625621278741,-2.18504975520151,-3.36020627991487
-116.5,-6.97773217682271,-1.9873945073428,-2.18794970506726,-3.31992514260187
-116,-7.12083206248648,-2.08907055858865,-2.22299894792226,-3.29335964339105
-115.5,-7.31555834303362,-2.22149391392856,-2.28840881929394,-3.27617332983359
-115,-7.56462350071947,-2.38499953948854,-2.38224988197839,-3.26400931014528
-114.5,-7.87119208555494,-2.58007781357988,-2.50237049755301,-3.2525792499084
-114,-8.23909461618704,-2.80740487011549,-2.64630489715455,-3.23777921093366
-113.5,-8.67308303606267,-3.06787496678691,-2.81117085778292,-3.21582614971902
-113,-9.17915883250971,-3.36263646504912,-2.9935594985347,-3.18340366094041
-112.5,-9.7650193738957,-3.69313298527883,-3.18942360016109,-3.13780111415607
-112,-10.4406940761725,-4.06115128699525,-3.39397659952815,-3.0770281388525
-111.5,-11.2194896989862,-4.46887732354675,-3.60162204444322,-2.99988765114559
-111,-12.1194543832169,-4.91896154061811,-3.80594197458906,-2.90599561863075
-110.5,-13.1657494304787,-5.41459343275232,-3.99978002338458,-2.79574366105259
-110,-14.3946959018911,-5.95958281636666,-4.17545651834424,-2.6702094758508
-109.5,-15.8611179777162,-6.55843947911359,-4.32514230368937,-2.53102767865966
-109,-17.6526980688783,-7.21643010287096,-4.44138996520635,-2.38023816693019
-108.5,-19.9205881322553,-7.93956358934435,-4.51777575669039,-2.22012985620465
-108,-22.9498964097415,-8.73439560505496,-4.54955384599671,-2.05309509117736
-107.5,-27.2906486310279,-9.60741207708782,-4.53418889271527,-1.88150546827817
-107,-32.4384015908275,-10.5634682737516,-4.47163771846091,-1.70761468102404
-106.5,-29.4321483395372,-11.6021676140467,-4.36430515828607,-1.53348947180113
-106,-24.5670551084205,-12.7099455508626,-4.21668563006581,-1.36096648013544
-105.5,-21.2380260773994,-13.8441591822905,-4.03478330685495,-1.19163085826828
-105,-18.8350797969665,-14.906678980134,-3.82544604171158,-1.02681178752439
-104.5,-16.9894736488955,-15.7203411674403,-3.59574090425793,-0.867590133478566
-104,-15.5109573752212,-16.0639711356368,-3.35245699712625,-0.714814076128286
-103.5,-14.2922572627282,-15.8146780706601,-3.10176938542211,-0.569119362336135
-103,-13.2675875218319,-15.0629184311927,-2.84905644366396,-0.430951661205251
-102.5,-12.3938224085473,-14.0253278200012,-2.59883962490947,-0.300589250391335
-102,-11.6411563968248,-12.8912953768643,-2.35480776038393,-0.178164875393389
-101.5,-10.9880864945828,-11.770756315493,-2.11989148892279,-0.0636860964365507
-101,-10.4185314679872,-10.7131681065687,-1.8963614014613,0.0429462182384136
-100.5,-9.920083957349,-9.73520078909058,-1.68593202099442,0.141921355980079
-100,-9.48289924702174,-8.83836457691441,-1.48986088681337,0.233504128299021
-99.5,-9.09895969963014,-8.01796542154218,-1.30903721345904,0.318021998498184
-99,-8.7615701890288,-7.26724514898934,-1.14405800234574,0.395853772051308
-98.5,-8.46500072486143,-6.57918363883352,-0.995291507917158,0.467419632946046
-98,-8.20422592178442,-5.94722349072195,-0.862929028257718,0.533172308589014
-97.5,-7.97473021120628,-5.36551213612991,-0.747026451146798,0.593589157958804
-97,-7.77235924822741,-4.82893515829114,-0.647537091295269,0.649164997605061
-96.5,-7.5932052104064,-4.33306544763019,-0.564337268483662,0.70040550457044
-96,-7.43351843174734,-3.87408419208998,-0.497245901679411,0.747821062244383
-95.5,-7.28964105814542,-3.44869811793306,-0.446039189969255,0.791920943159195
-95,-7.15796068619295,-3.05406288098797,-0.410461248816317,0.83320775087999
-94.5,-7.0348835198812,-2.68771591034088,-0.390231384654654,0.872172070702606
-94,-6.91682753984077,-2.34751910150992,-0.385048527602575,0.90928730523613
-93.5,-6.80023650776298,-2.03161057230219,-0.39459320153152,0.945004695474225
-93,-6.68161525157004,-1.73836430251577,-0.418527290951308,0.979748549976348
-92.5,-6.55758553439084,-1.46635643816496,-0.456491762509269,1.01391172357682
-92,-6.4249599330214,-1.21433714397983,-0.508102412892434,1.04785140190003
-91.5,-6.28082873825838,-0.981207037842644,-0.572943642924971,1.08188525823343
-91,-6.12265235340474,-0.765997394326072,-0.650560199302947,1.11628805448726
-90.5,-5.94834960985656,-0.567853443912313,-0.740446782072312,1.15128875775704
-90,-5.75637150540546,-0.386020214099091,-0.842035391263798,1.18706823840219
-89.5,-5.54575062152191,-0.219830458129186,-0.954680286559633,1.22375760489007
-89,-5.31611904004404,-0.0686942983820297,-1.0776404695978,1.2614372156116
-88.5,-5.06769160465998,0.0679097229004534,-1.21005968396048,1.30013638944542
-88,-4.80121605226042,0.190442440368827,-1.35094408226727,1.33983381628802
-87.5,-4.5178958520772,0.299310922940022,-1.49913795691549,1.38045864747912
-87,-4.21929463273777,0.394874572175538,-1.65329829759195,1.42189222548245
-86.5,-3.90723234328234,0.477450616663251,-1.8118694500841,1.46397039367801
-86,-3.58368278590947,0.547319138151876,-1.97305982271756,1.50648631183972
-85.5,-3.25068030096446,0.604727751122204,-2.13482341058691,1.54919369166004
-85,-2.91024081768435,0.649896047881646,-2.29484983056832,1.59181036005678
-84.5,-2.56429983589271,0.683019915610221,-2.45056745823856,1.63402205609843
-84,-2.21466763629729,0.704275829694598,-2.59916491237992,1.67548637002551
-83.5,-1.86300036984251,0.713825228908459,-2.73763622018553,1.71583673955612
-83,-1.51078469147434,0.711819082361153,-2.86285411657305,1.75468642876431
-82.5,-1.15933319073834,0.698402765519965,-2.97167369887794,1.79163242752321
-82,-0.809787880056344,0.673721372886839,-3.06106487042121,1.82625922398358
-81.5,-0.463129273888755,0.637925607887934,-3.12826686054917,1.85814241803608
-81,-0.120188995659927,0.591178405864354,-3.17095238684276,1.8868521595074
-80.5,0.218335711730677,0.533662463106532,-3.1873841030678,1.91195641043094
-80,0.551866782006001,0.465588862559029,-3.17654352918966,1.93302404574434
-79.5,0.879930280857996,0.387207003327695,-3.13821406269486,1.94962782098753
-79,1.20214208336439,0.298816053579298,-3.07300530882536,1.96134724895015
-78.5,1.5181946130744,0.200778150435388,-2.98231483290128,1.96777143981497
-78,1.82784481805073,0.0935335595321407,-2.86823332812843,1.9685019713254
-77.5,2.13090344347483,-0.0223820282747296,-2.73340750652307,1.96315586709334
-77,2.42722558289333,-0.146317957902016,-2.58087976655124,1.95136877259023
-76.5,2.71670244136077,-0.277486850097005,-2.41392417207854,1.93279842982887
-76,2.99925421573946,-0.414940844151054,-2.23589514575381,1.9071285633534
-75.5,3.27482398398898,-0.557546369878274,-2.05010003779544,1.87407330184648
-75,3.54337249166123,-0.703958405336891,-1.8597010300329,1.83338227111997
-74.5,3.8048737264915,-0.852595754549042,-1.66764693389484,1.78484650477212
-74,4.05931117843672,-1.0016196106589,-1.4766319844424,1.72830532712731
-73.5,4.30667469101307,-1.14891852780022,-1.28907681110146,1.66365436721568
-73,4.54695781915375,-1.29210382782615,-1.10712611814706,1.59085485947544
-72.5,4.78015561828744,-1.42852025440019,-0.932657833467843,1.50994437218853
-72,5.0062627984645,-1.55527709682836,-0.767299193539649,1.4210490723052
-71.5,5.22527218586605,-1.66930468686735,-0.612446123880572,1.32439757711976
-71,5.43717344179818,-1.76743973182181,-0.46928315049176,1.2203363487724
-70.5,5.64195199625629,-1.8465400775832,-0.338801832537024,1.10934644406787
-70,5.83958815936512,-1.90362515853688,-0.22181629846928,0.992061225334712
-69.5,6.03005637950159,-1.93603302786279,-0.118974895962682,0.869284353860186
-69,6.21332462175876,-1.9415795038591,-0.0307672508323631,0.742007015233508
-68.5,6.38935384468095,-1.91870112300198,0.0424737983711842,0.611422864431547
-68,6.55809755696184,-1.86656281490183,0.100575831797959,0.478938644363557
-67.5,6.71950143911858,-1.78511446564356,0.143536440715876,0.34617787087269
-67,6.8735030180966,-1.67508759402773,0.171539136049627,0.214974477755393
-66.5,7.02003138537408,-1.53793268523287,0.184975851272903,0.087353016475058
-66,7.15900695147187,-1.37570690872099,0.184476149283096,-0.0345079033764363
-65.5,7.29034123187103,-1.1909286451792,0.170942912879806,-0.148331546814292
-65,7.41393666123055,-0.986418047371986,0.145593719484433,-0.251819470418684
-64.5,7.52968643450965,-0.765141686250301,0.110006169789382,-0.342747144848973
-64,7.6374743751546,-0.530075240929859,0.066164052339364,-0.419074359398681
-63.5,7.73717483192866,-0.284092759350563,0.0164993085777558,-0.479062515738693
-63,7.82865260726046,-0.0298857167853241,-0.0360776618872989,-0.521387855317747
-62.5,7.91176292117569,0.230089099300146,-0.0881695295989132,-0.54523790538244
-62,7.98635141597204,0.493636566526641,-0.135918031073506,-0.550378758352191
-61.5,8.05225420781026,0.758830067562774,-0.17507829831122,-0.537183559690959
-61,8.10929799233843,1.02400342608996,-0.201153999246716,-0.506617429738025
-60.5,8.15730021235631,1.28773271723377,-0.209600232524084,-0.460179973775681
-60,8.196069296378,1.54881193198739,-0.196090478705203,-0.399812162213884
-59.5,8.22540497777974,1.80622558054366,-0.156828785140856,-0.327778416009735
-59,8.24509870504599,2.05912048041227,-0.0888718570331826,-0.246536469558593
-58.5,8.2549341544675,2.30677826560933,0.00958665360325603,-0.158606977022027
-58,8.2546878575192,2.54858959486072,0.139019491743211,-0.0664524569409791
-57.5,8.24412995606849,2.78403062143646,0.298494869736762,0.0276280813975816
-57,8.22302509954528,3.01264199273207,0.485745509667734,0.121585752409981
-56.5,8.19113349924553,3.23401044792712,0.697363242076427,0.213689226489234
-56,8.14821215602824,3.44775295245576,0.929080935774004,0.302574286437796
-55.5,8.09401627876715,3.65350322813001,1.17609185482353,0.387277576163978
-55,8.02830091197525,3.85090049168776,1.43335871255188,0.46725653861138
-54.5,7.95082279193181,4.0395801907494,1.69587709965814,0.542396855862306
-54,7.86134245126061,4.21916651666518,1.95887446587525,0.613007652668823
-53.5,7.75962659201821,4.38926647328017,2.2179409362256,0.679803552418642
-53,7.64545074665364,4.54946528596953,2.46909885131763,0.743871633725657
-52.5,7.51860224428875,4.69932294446578,2.70882342146943,0.806620694440831
-52,7.37888349610579,4.83837168492201,2.93402824346399,0.869710270201661
-51.5,7.226115607521,4.96611423071324,3.14202817059528,0.934957838791551
-51,7.06014231539791,5.08202262729648,3.33048954310055,1.00422473237705
-50.5,6.88083423473681,5.18553752375606,3.49737504957613,1.07928442383967
-50,6.68809337979286,5.27606777220948,3.64088804139183,1.16168066488963
-49.5,6.48185789796701,5.35299023582775,3.75941917969808,1.25258666719242
-49,6.262106919503,5.41564971667377,3.85149688187945,1.35267909123676
-48.5,6.02886538045099,5.46335893584021,3.91574208096082,1.46204100857554
-48,5.78220861919231,5.4953985206265,3.95082721785655,1.58010561444248
-47.5,5.52226647732249,5.51101697717166,3.95543905811137,1.70564743956151
-47,5.24922655422002,5.50943065289106,3.92824478837586,1.83682114736295
-46.5,4.96333617332226,5.48982372262964,3.86786085609459,1.97124128568944
-46,4.66490252176649,5.45134826773207,3.77282415000598,2.10609119183202
-45.5,4.35429033197468,5.39312456130638,3.6415653920315,2.23824668606973
-45,4.03191639677639,5.31424173018844,3.47238507590257,2.36440044557499
-44.5,3.69824016657743,5.2137590406659,3.26343305499397,2.4811754604131
-44,3.35374969050629,5.09070815953669,3.01269415326605,2.58521972821414
-43.5,2.99894225942668,4.94409688663834,2.71798430368608,2.67327830372657
-43,2.63429931355687,4.77291505641756,2.37696532368092,2.74224220936827
-42.5,2.26025551302222,4.57614358772919,1.9871925799476,2.78917613791288
-42,1.87716234706628,4.35276805484875,1.54622029374337,2.81132828191174
-41.5,1.48524727093501,4.10179870180285,1.05180713718277,2.80612616988943
-41,1.08457008207065,3.82229958307332,0.502294923412911,2.7711623359103
-40.5,0.674979034314989,3.51343055671128,-0.102717519631252,2.70417326085251
-40,0.256069989119024,3.1745072596189,-0.761207950553586,2.60301452262766
-39.5,-0.172847317089102,2.80508602783188,-1.46677717856784,2.46563464767307
-39,-0.612771029188073,2.4050829974715,-2.20554571044084,2.29004989580191
-38.5,-1.06501118929779,1.97493917875986,-2.95169324723819,2.07432224839427
-38,-1.53116894713628,1.51584559279871,-3.66231420251579,1.81654333822687
-37.5,-2.01308172036019,1.03004325440912,-4.27464126728188,1.51482815212604
-37,-2.51272126648436,0.52120904172337,-4.71225276956597,1.16732436941035
-36.5,-3.03202519125651,-0.00507493294477,-4.90664381290674,0.772246688001853
-36,-3.57263205158485,-0.540802276310366,-4.82806461956273,0.327951278963727
-35.5,-4.13547464007582,-1.07506698758373,-4.50212406409002,-0.166925073910607
-35,-4.72016500044896,-1.59381776980926,-3.99579658404382,-0.713221584815593
-34.5,-5.32408186790143,-2.08013494100062,-3.38676293433961,-1.31084311271443
-34,-5.94106131006053,-2.51537570708389,-2.74039359123693,-1.95808663024027
-33.5,-6.55963509403668,-2.88140489699247,-2.10227962467593,-2.65056624038627
-33,-7.16094722767795,-3.16370756192519,-1.50049537698412,-3.37956450902882
-32.5,-7.71694572281262,-3.35455978128567,-0.950702884265034,-4.12967003919764
-32,-8.19026550865671,-3.45503492160484,-0.460729541950798,-4.87580701039914
-31.5,-8.53799406601873,-3.47492460269474,-0.0337958693934653,-5.58049120087781
-31,-8.7208818553041,-3.43061620166128,0.329440960726486,-6.19356431674657
-30.5,-8.71600796952878,-3.34189963433071,0.629666111263814,-6.65808084411457
-30,-8.52614914197878,-3.22891643416463,0.868205924073419,-6.92472230609911
-29.5,-8.17917445706108,-3.11002861817517,1.04664242580834,-6.97025674530473
-29,-7.71793521555197,-3.00076908627041,1.16661785135178,-6.80785984858422
-28.5,-7.18772632949028,-2.91363764103913,1.22975601141448,-6.48066998464982
-28,-6.6276672862018,-2.85839707099836,1.23766031379989,-6.04411789903364
-27.5,-6.06746995164535,-2.84258474958943,1.1919688709973,-5.54975759111723
-27,-5.52783602119643,-2.87206295856707,1.09446050724933,-5.03735458490147
-26.5,-5.02234154710928,-2.95152155685338,0.947214763900738,-4.53402500393691
-26,-4.5594936928038,-3.08490390786911,0.752835766904075,-4.0566681523531
-25.5,-4.14443182796651,-3.27575675465811,0.514754183299132,-3.61502147510238
-25,-3.78017512159703,-3.52751691859049,0.237621771487176,-3.21421363881666
-24.5,-3.46848394214513,-3.84374996158007,-0.0721951055208356,-2.85658603113287
-24,-3.2104378086879,-4.22835240089085,-0.406041216070812,-2.54288995946277
-23.5,-3.00682065502406,-4.68572040668874,-0.752388391706221,-2.27303390163869
-23,-2.85838161700513,-5.22087111651862,-1.0964041959249,-2.04653004675256
-22.5,-2.76601940500993,-5.83946886703848,-1.41996028445142,-1.86274703875708
-22,-2.73092361456909,-6.54763711734071,-1.7024709346368,-1.72103987842207
-21.5,-2.75469675581278,-7.35128166202727,-1.92290542998045,-1.6208023595605
-21,-2.83947533259771,-8.25431308376927,-2.06295744067313,-1.56147048109557
-20.5,-2.98806615629927,-9.25444444319539,-2.11067152140586,-1.54249440291301
-20,-3.20411489748624,-10.3339026401487,-2.06319865273148,-1.56328961881997
-19.5,-3.49232794321966,-11.440775755637,-1.92741128289367,-1.62317370280497
-19,-3.85877708537802,-12.4591310453589,-1.71806701771663,-1.72129239313784
-18.5,-4.31133198373279,-13.1881491504524,-1.45441232295998,-1.8565374490148
-18,-4.86029296395816,-13.3996471850418,-1.15664399960906,-2.02745844631817
-17.5,-5.5193472584412,-13.0053402944199,-0.843281513812382,-2.2321714454378
-17,-6.3070681596587,-12.1436245856001,-0.529773660459631,-2.46826933064923
-16.5,-7.24937041961204,-11.0472878649263,-0.228125652777982,-2.73274164389114
-16,-8.38375206946622,-9.89548410989918,0.0528503682466509,-3.02191580557979
-15.5,-9.76712501249915,-8.78404451579822,0.307007596281117,-3.331436217927
-15,-11.491542065008,-7.75312447320605,0.530280428134674,-3.65630167624876
-14.5,-13.7194203744432,-6.81475831600601,0.720154200276752,-3.99098265889478
-14,-16.77412179208,-5.96874127374209,0.875228005636798,-4.3296355529842
-13.5,-21.3988415014594,-5.21029464991901,0.994872776443477,-4.66641795621157
-13,-28.1015919692438,-4.53346875016334,1.07897140692872,-4.9958871004968
-12.5,-23.9421437188584,-3.93254806130232,1.12772372594161,-5.31343564451574
-12,-18.3786532731521,-3.40255901570506,1.14150030207028,-5.61569438069743
-11.5,-14.8734132574514,-2.93938731985717,1.12073203166478,-5.9008216978742
-11,-12.4108226107939,-2.53973439318034,1.06582567804216,-6.16861386772852
-10.5,-10.5510888223478,-2.20101578825591,0.977098400213915,-6.4204075282074
-10,-9.08578090149324,-1.92124669748948,0.854726684799051,-6.6587934346488
-9.5,-7.90186022742597,-1.69893316060192,0.698707025261982,-6.8871999090516
-9,-6.93172847277108,-1.5329753774038,0.508827311674839,-7.10942086147301
-8.5,-6.13202741067163,-1.42258389238996,0.284649381989138,-7.32915348663026
-8,-5.47349327787253,-1.36720680097356,0.0255047742853492,-7.54958222217083
-7.5,-4.93563195832701,-1.36646485536499,-0.269492275438223,-7.77301041469991
-7,-4.50371811223703,-1.42009059693124,-0.601407667953037,-8.00051002985467
-6.5,-4.16700825816044,-1.52786697441166,-0.971414758419758,-8.23153963361562
-6,-3.91763145937127,-1.68956005898201,-1.380667821432,-8.46347700842103
-5.5,-3.74988057047545,-1.90483924668035,-1.83009233661572,-8.69103289339021
-5,-3.65975323618463,-2.1731765916405,-2.32004589353792,-8.90557055430248
-4.5,-3.64465739214129,-2.49371453489664,-2.84977895067702,-9.09447164061847
-4,-3.703232219005,-2.86508830838864,-3.4165927361896,-9.24087124558612
-3.5,-3.83525689646231,-3.2851860596574,-4.01456078969994,-9.32428912955543
-3,-4.0416333520327,-3.75082737169964,-4.63268301221882,-9.32274455071606
-2.5,-4.32443946329977,-4.25734199428006,-5.25246210405492,-9.21657527525643
-2,-4.68705835475465,-4.79804068580778,-5.84530502714621,-8.99323238798367
-1.5,-5.13439953721385,-5.36359871432598,-6.37106750904506,-8.65123477160084
-1,-5.67324080951642,-5.94143365635316,-6.78034111880774,-8.20129888175366
-0.5,-6.312738907129,-6.51526506699675,-7.02337279032334,-7.66399623190872
0,-7.065185851521,-7.06518585152099,-7.065185851521,-7.06518585152099
0.5,-7.94713187887962,-7.5686865223916,-6.89959983392891,-6.43132350221564
1,-8.98105683164074,-8.00299672586327,-6.55196139779971,-5.78615023022233
1.5,-10.1978263384663,-8.34865755808054,-6.06833377470776,-5.14912203048998
2,-11.6400540562466,-8.59343998333117,-5.49957894153085,-4.53517685977006
2.5,-13.3653376602429,-8.73507466954448,-4.88974809534578,-3.95524065194572
3,-15.441595982433,-8.78147940726422,-4.27159210350589,-3.4170041530698
3.5,-17.8905486323881,-8.74836984682963,-3.66699112601705,-2.92570243190409
4,-20.3768591158287,-8.65542810207708,-3.08935103046417,-2.48478168739966
4.5,-21.4622663720087,-8.522593585064,-2.54617835587994,-2.09642524511365
5,-20.0823953511653,-8.36748134212408,-2.04115634933333,-1.76195039007281
5.5,-17.7851220879559,-8.20411438255134,-1.57562456043154,-1.48210084367411
6,-15.6881115381799,-8.04264319354888,-1.1495688859947,-1.25726051648047
6.5,-13.9761662219643,-7.88960547762454,-0.762261408813215,-1.0876104359473
7,-12.6042851625314,-7.7483792341404,-0.412665193069736,-0.97324608927838
7.5,-11.5072314332204,-7.61963377986965,-0.0996859561795568,-0.914268266401016
8,-10.6334504948175,-7.50170679509664,0.177674972666854,-0.910857240391955
8.5,-9.94604777978719,-7.39091616497284,0.420231471228327,-0.963337768318764
9,-9.41933609976195,-7.28186223468116,0.628565132808506,-1.07224078177293
9.5,-9.03581313943041,-7.16779818728355,0.803005569985587,-1.23836658396363
10,-8.78409466480401,-7.04114468779199,0.943629786836477,-1.46285370160469
10.5,-8.65763207131114,-6.89419422113319,1.05027520364948,-1.74725706166064
11,-8.65401748648386,-6.71998677137434,1.12256316081049,-2.09363860594182
11.5,-8.77476021498177,-6.51325173539112,1.15993143093289,-2.50467234414854
12,-9.02550728371448,-6.27123370167756,1.16167579278835,-2.98376321357022
12.5,-9.416778183013,-5.99419800297333,1.12700233677589,-3.53517288676827
13,-9.96541882956166,-5.6854754890002,1.05509410877362,-4.16413125420719
13.5,-10.6972126572338,-5.35103755062926,0.945198180737652,-4.87687934214616
14,-11.6515478306615,-4.99872982767836,0.796742490853269,-5.68051418821725
14.5,-12.8900284450088,-4.63737024209052,0.609496021813544,-6.58233413729293
15,-14.5130919647754,-4.27590897979217,0.383791117011171,-7.58799091915524
15.5,-16.6926600543798,-3.92277908976429,0.120832496290811,-8.69688617800788
16,-19.7207761900627,-3.5854822589339,-0.176877918761434,-9.89151455438383
16.5,-23.7575124874452,-3.27039018047059,-0.504972423844919,-11.1151168207527
17,-25.151930433731,-2.98270965557506,-0.856493832783238,-12.2346789686734
17.5,-20.9328653765578,-2.72655369694784,-1.22105505467749,-13.0163822376624
18,-16.9991369854788,-2.50506993089011,-1.58402868416572,-13.2070678824692
18.5,-14.0632270491156,-2.32059162949567,-1.92609920561739,-12.7446474246459
19,-11.7912922872476,-2.17478992420741,-2.22374045622276,-11.8246221497849
19.5,-9.95986629522192,-2.06881582333747,-2.45129026769572,-10.7096443023997
20,-8.43885809988738,-2.0034272935536,-2.58496008644914,-9.57749216984165
20.5,-7.14885637891527,-1.97910044238072,-2.60810361677557,-8.51332555372592
21,-6.03843689204109,-1.99612549495323,-2.51578636432235,-7.54816881148038
21.5,-5.07253214230425,-2.05468839033679,-2.31635536944645,-6.68805864677238
22,-4.22617452747064,-2.15493778787809,-2.0291206505291,-5.92902838406156
22.5,-3.48093523735726,-2.29703517625118,-1.67945102787895,-5.26380845406736
23,-2.82279038457747,-2.48118246266713,-1.2936526076548,-4.68459807818203
23.5,-2.24078375121701,-2.70761643786013,-0.895355257232238,-4.18410321849529
24,-1.72615567456632,-2.97655203678269,-0.503824996278541,-3.75583342339528
24.5,-1.27175616244298,-3.28804502435018,-0.133742522683551,-3.39409030097978
25,-0.871637609244742,-3.64172776060852,0.204225760043326,-3.09383250969052
25.5,-0.520764547400681,-4.03634695561847,0.502581547493585,-2.85049349121752
26,-0.214801712479208,-4.46899917408883,0.756161789681692,-2.65978040572445
26.5,0.0500442849403796,-4.93392448566229,0.96143789566922,-2.51746187013752
27,0.277145876122975,-5.42070827216393,1.11597169243067,-2.41914366238656
27.5,0.469548908072838,-5.91183410019527,1.2180120159123,-2.36002969572379
28,0.630047910561076,-6.37989768425824,1.2662039059632,-2.33466848733123
28.5,0.761247414083015,-6.78567614197686,1.25938357164951,-2.33669329629969
29,0.865612912742287,-7.07962883906965,1.19643838522831,-2.3585782667762
29.5,0.945513948476389,-7.2100881778426,1.07621871632306,-2.39145409588469
30,1.00326095372552,-7.13856223726445,0.897496609325533,-2.42505316914716
30.5,1.04113682193404,-6.85535244084326,0.658975784063633,-2.44787797013203
31,1.06142361236025,-6.38429067763306,0.359369938846349,-2.44769086836307
31.5,1.06642429946931,-5.77261591295095,-0.00241520050379268,-2.41238352922416
32,1.05847903329325,-5.07413651196083,-0.426931683795118,-2.33118136710887
32.5,1.03997499336479,-4.33626503369619,-0.913560909776065,-2.19598592887849
33,1.01334862508449,-3.59467827035943,-1.45942844766456,-2.00252193384469
33.5,0.981078894697666,-2.87349080638627,-2.05759587298464,-1.75093393048556
34,0.945670254984598,-2.18770824870278,-2.69420061412477,-1.44562553974702
34.5,0.90962435127013,-1.54594004379308,-3.34434296637928,-1.09439566759362
35,0.875400175171175,-0.952592981134748,-3.96726721753406,-0.70715666635845
35.5,0.84536340831641,-0.409425113627521,-4.5034333838477,-0.294599606755989
36,0.821727033693588,0.0834265074271784,-4.87929616991671,0.132906582824638
36.5,0.806486775120416,0.526792697709789,-5.0260133129117,0.56604925376053
37,0.801356304118945,0.922068073458505,-4.90822372773569,0.996944279384561
37.5,0.807708112596748,1.27096688204454,-4.54255715646469,1.41922828038241
38,0.826526182710608,1.57537961882866,-3.9882918036654,1.82797214098176
38.5,0.858375892081866,1.83729255247503,-3.31937382444136,2.21950260662486
39,0.903394967539985,2.05874626208246,-2.60071574912449,2.59119265636232
39.5,0.961306970373171,2.24181816744231,-1.87887858579977,2.94125676354993
40,1.0314561801571,2.38861954938292,-1.18304796299142,3.26856897688435
40.5,1.11286034396581,2.5013009231301,-0.529626510976642,3.57251021062831
41,1.20427601329062,2.5820616362999,0.0732661556301801,3.85284470405547
41.5,1.30427036225051,2.63316071938504,0.622487865866623,4.1096225489195
42,1.41129349624251,2.65692664283541,1.11772626380746,4.34310410165971
42.5,1.52374614468417,2.65576394435886,1.56018854550921,4.55370205896615
43,1.64003898861123,2.63215483522153,1.95183121791952,4.74193741520548
43.5,1.75864138478421,2.58865399662928,2.29491990124293,4.90840612427075
44,1.87811864956088,2.52787494385088,2.59178552274957,5.05375389832129
44.5,1.9971581909827,2.45246666401005,2.84469577974014,5.17865712194046
45,2.1145855582834,2.36507980461381,3.05579375574143,5.28380831979222
45.5,2.2293719242341,2.26832255215676,3.22707549587575,5.36990498909342
46,2.34063468466012,2.16470748527178,3.36039016750225,5.43764090493868
46.5,2.44763282743506,2.05659202702628,3.45745340913218,5.48769923935753
47,2.54975856529348,1.94611647772966,3.51986859508253,5.52074701621927
47.5,2.64652650519967,1.83514472838787,3.54915319467788,5.5374305643505
48,2.7375613872539,1.72521335230279,3.54676887100478,5.53837173914269
48.5,2.82258519749099,1.61749461262144,3.51415484164598,5.52416476530194
49,2.90140425748212,1.51277790372098,3.45276453530685,5.49537361548039
49.5,2.97389672585676,1.41147235328466,3.3641058404539,5.45252988537694
50,3.04000081297714,1.31363103476481,3.24978530269976,5.39613115866682
50.5,3.09970390675366,1.21899489326746,3.11155648508325,5.32663987737723
51,3.15303273011104,1.12705250627424,2.95137231917913,5.24448274723541
51.5,3.20004459366084,1.03711051565004,2.77144057351707,5.15005071501957
52,3.24081976583004,0.948369125690246,2.57428045776232,5.043699557848
52.5,3.27545495288595,0.859997408723004,2.36277677907936,4.92575112438213
53,3.30405785968531,0.771204084721917,2.14022593363659,4.79649526675904
53.5,3.32674278608962,0.681300659920489,1.91036544245192,4.65619250128718
54,3.34362720209643,0.589755044774648,1.67737605944839,4.5050774369778
54.5,3.35482923570399,0.496234812574368,1.44584339105479,4.343363015101
55,3.36046600067703,0.400639985458672,1.22066561194667,4.17124561115012
55.5,3.36065268636337,0.303125610236751,1.00689671784765,3.98891106355392
56,3.35550232836477,0.20411444575991,0.809522201656978,3.79654171147204
56.5,3.34512617714045,0.104299905313414,0.633176514509191,3.59432454683838
57,3.32963458148116,0.00463908686718256,0.481827650147214,3.3824606126364
57.5,3.30913830517281,-0.0936645994589188,0.358469572191976,3.1611758085405
58,3.28375019794406,-0.189189908084906,0.264872021310482,2.93073329375808
58.5,3.25358714575555,-0.28033801507104,0.201434052962465,2.69144770083596
59,3.21877223036209,-0.365384864610974,0.16717079018792,2.44370138689564
59.5,3.17943703352266,-0.442545138107666,0.159836386157487,2.18796294086258
60,3.13572402686453,-0.510046199284405,0.176158697927167,1.92480812352342
60.5,3.08778899383184,-0.566208891538326,0.212141791837985,1.65494332359138
61,3.03580343497497,-0.609530513431587,0.263386346714874,1.37923144363994
61.5,2.97995691171026,-0.638764000738667,0.325384727340174,1.09871985531633
62,2.92045928629706,-0.652986664959089,0.393762047180018,0.814669650103089
62.5,2.85754281691354,-0.651652083826394,0.464450819770756,0.528584827097434
63,2.79146406622871,-0.634620040501334,0.533800214647107,0.242239280320515
63.5,2.72250557973942,-0.60216164392166,0.598629445084739,-0.0423015199412129
64,2.65097728647113,-0.554939558771428,0.656238537204751,-0.322668355672709
64.5,2.57721756967597,-0.493966092480859,0.704389928096532,-0.596190886895692
65,2.50159394931321,-0.420544182903626,0.741272520434134,-0.85992116576238
65.5,2.42450331195504,-0.336197707372206,0.765457210312685,-1.11068425608789
66,2.34637161810501,-0.242597843060252,0.775850292455289,-1.34516112664805
66.5,2.26765301271724,-0.141491556738524,0.771648930331195,-1.56000628408563
67,2.18882826310292,-0.0346369786052809,0.752301186904516,-1.75199801219688
67.5,2.11040245067956,0.0762512192201946,0.717471922503202,-1.91821286587053
68,2.03290185048163,0.189544934795316,0.667015091410937,-2.05620925827349
68.5,1.95686994627256,0.303734099550925,0.600952504300927,-2.1641993454578
69,1.88286255051753,0.417447350974938,0.519458874467333,-2.24118603561419
69.5,1.81144202802199,0.529463386548651,0.422852854275433,-2.28704442009622
70,1.74317065970073,0.63871474912271,0.311593734145133,-2.30253446424019
70.5,1.67860322786221,0.744285819035043,0.186283473371973,-2.28924284882372
71,1.61827895469927,0.845406646921046,0.0476737230419823,-2.24946348720773
71.5,1.5627129784001,0.941444028942613,-0.103322546145754,-2.18603529247393
72,1.51238760243622,1.03189096034225,-0.2656153152129,-2.10216009656315
72.5,1.46774359835529,1.11635534211545,-0.437918409428346,-2.00122283219023
73,1.42917187566536,1.19454858136116,-0.618728085065563,-1.88663137237252
73.5,1.39700584925309,1.26627452866199,-0.80630089589712,-1.76168679525942
74,1.3715148312966,1.33141903779327,-0.998633115006615,-1.62948825327519
74.5,1.35289874853733,1.38994031156695,-1.19344484356766,-1.49287138500247
75,1.34128443699516,1.44186010774527,-1.38817289801547,-1.35437584038265
75.5,1.33672369717027,1.48725581500777,-1.57997748917465,-1.21623590266497
76,1.33919320830363,1.52625336538718,-1.76576834482736,-1.08038795899402
76.5,1.34859630712971,1.55902092150602,-1.94225592144839,-0.948489186541879
77,1.36476654263349,1.58576326028224,-2.10603226543874,-0.82194284225412
77.5,1.3874728316185,1.6067167663001,-2.25368351496865,-0.701926659718586
78,1.41642596748272,1.62214494530131,-2.38193179975395,-0.58942188223019
78.5,1.45128618177987,1.63233436942849,-2.48779868120138,-0.485241311663119
79,1.49167142787342,1.63759096966432,-2.56877621282043,-0.39005540777789
79.5,1.53716604871875,1.63823659647699,-2.62298674575954,-0.30441594731958
80,1.58732950468741,1.63460577644973,-2.64931056007764,-0.228777077470566
80.5,1.64170486873679,1.6270426002916,-2.64746263033641,-0.163513807989311
81,1.69982684037389,1.615897685925,-2.61800651999267,-0.108938111816083
81.5,1.76122908160813,1.60152516922955,-2.5623032026276,-0.0653128706817209
82,1.8254507325118,1.58427968446002,-2.4824030046479,-0.0328639300582822
82.5,1.89204201689284,1.56451330631978,-2.38089709510654,-0.0117905311143975
83,1.960568896702,1.54257243611318,-2.26074909705686,-0.00227437637432077
83.5,2.03061677500695,1.51879462522419,-2.12512701851418,-0.00448756746396915
84,2.10179328056018,1.4935053402127,-1.97725174897403,-0.0185996322075562
84.5,2.17373019193959,1.46701468484662,-1.82027255421872,-0.0447838373053982
85,2.24608457639216,1.43961410508128,-1.65717405320197,-0.0832229636366674
85.5,2.31853922876006,1.41157311297173,-1.49071428993459,-0.13411470492531
86,2.39080250035941,1.38313607432543,-1.32339026062154,-0.197676837671435
86.5,2.46260760764412,1.35451911211173,-1.15742560536852,-0.274152301229901
87,2.53371150711554,1.32590718280248,-0.994774786236658,-0.363814321957741
87.5,2.60389341730238,1.29745138554075,-0.837138509013152,-0.466971714696161
88,2.67295306164358,1.26926656404057,-0.685986006080164,-0.583974498832317
88.5,2.74070869848599,1.24142925827542,-0.542580788331164,-0.715219975278078
89,2.80699499670583,1.21397605735228,-0.408007413299284,-0.861159425610362
89.5,2.87166080806719,1.18690239672199,-0.283197613501579,-1.02230561633773
90,2.93456688058792,1.1601618324665,-0.168954754363972,-1.1992413211837
90.5,2.9955835510339,1.13366581342584,-0.0659760518739047,-1.3926291143165
91,3.05458844925151,1.10728395910862,0.0251276997156602,-1.60322274019758
91.5,3.11146424236707,1.08084483848779,0.103814931160907,-1.83188043465292
92,3.16609644286977,1.05413723275078,0.169598548760509,-2.07958066156207
92.5,3.2183713011731,1.02691185465007,0.222033484316189,-2.34744084644193
93,3.26817380032076,0.9988834889842,0.260706375152608,-2.63673984043095
93.5,3.315385767975,0.969733513492484,0.285227212721948,-2.94894504659286
94,3.35988411860717,0.939112757454033,0.295222826706143,-3.28574539902028
94.5,3.40153923682872,0.906644656757832,0.290332114888929,-3.64909172132205
95,3.44021351099797,0.871928669193756,0.270202984576997,-4.04124642497675
95.5,3.47576002457592,0.834543922102022,0.23449103832216,-4.46484505982593
96,3.50802141116757,0.794053076097803,0.182860116181228,-4.92297290949432
96.5,3.53682887777686,0.750006403076422,0.114984901241944,-5.41926061135591
97,3.56200139955078,0.701946093791051,0.0305559083572693,-5.95800355865047
97.5,3.58334508823261,0.649410829661118,-0.0707126873328055,-6.54431025838608
98,3.6006527357504,0.591940674816407,-0.1890717601667,-7.18428392777251
98.5,3.61370353390736,0.529082367406482,-0.324721660933832,-7.88523700460639
99,3.62226297110949,0.460395113578664,-0.477791303603023,-8.65592385715944
99.5,3.62608290756176,0.385457012814511,-0.648310581880186,-9.50673745496581
100,3.62490183150386,0.303872268852642,-0.836174487791803,-10.4497117068958
100.5,3.618445300964,0.215279365151353,-1.04109701019469,-11.497900053293
101,3.60642657832637,0.119360406030088,-1.26255266186773,-12.6629959172306
101.5,3.58854746888839,0.0158518415295675,-1.49970343553418,-13.9482617202056
102,3.56449937970675,-0.095443198576808,-1.75130932331514,-15.3296492839095
102.5,3.53396462159614,-0.214640744615201,-2.01562157680846,-16.7115056862165
103,3.49661798538597,-0.341759817018973,-2.29026012297459,-17.8530299029229
103.5,3.45212863372625,-0.476704133734103,-2.5720806349123,-18.3633283572114
104,3.40016236217546,-0.619241707526589,-2.85704340568383,-17.9858043098977
104.5,3.340384298351,-0.768982546642402,-3.14010586760141,-16.9092985636877
105,3.27246212596522,-0.925354973822495,-3.41517291326913,-15.5315997533365
105.5,3.19606994201408,-1.08758150681115,-3.67515168449876,-14.1254686607088
106,3.11089288062199,-1.25465581940533,-3.9121645508602,-12.8067755106992
106.5,3.01663266638491,-1.42532303167677,-4.11796642959085,-11.6083237954265
107,2.91301429361124,-1.59806643533042,-4.28458031981804,-10.5301068278908
107.5,2.79979406537651,-1.77110466498367,-4.40510412857822,-9.56152235519207
108,2.6767692668611,-1.94240411867594,-4.4745649143077,-8.68984095930478
108.5,2.54378978900589,-2.10971185318379,-4.49063630928018,-7.90312290756109
109,2.4007720573227,-2.27061388053928,-4.45403179165354,-7.19103751646561
109.5,2.24771565027375,-2.42262237934103,-4.36846054364806,-6.5449291858088
110,2.08472300155997,-2.56329249532045,-4.24015959048502,-5.95764050447497
110.5,1.9120225548519,-2.69036509485505,-4.0771362862784,-5.42328181197231
111,1.7299956542057,-2.80192648152495,-3.88831406791609,-4.93701334122615
111.5,1.53920727506601,-2.8965707098345,-3.68275697575349,-4.4948590855275
112,1.34044038440017,-2.97354623337762,-3.46908135129899,-4.09355422222618
112.5,1.1347332080254,-3.03286776910414,-3.25508741975487,-3.73042217708006
113,0.923417915800405,-3.07537742161521,-3.04758811500429,-3.40327608351766
113.5,0.708158153991839,-3.10274609816983,-2.85238589846901,-3.11033964179853
114,0.490981432693786,-3.11741553390647,-2.6743445963023,-2.8501830944731
114.5,0.274300662477661,-3.12249044367027,-2.5175121105698,-2.6216707804583
115,0.0609173120477146,-3.12159705953663,-2.38526270910128,-2.42391736286002
115.5,-0.146002881953338,-3.11872715693634,-2.28043954894501,-2.25625030616533
116,-0.34299133316701,-3.11808550659451,-2.20548722823297,-2.11817650554188
116.5,-0.526383638990459,-3.12395453979627,-2.16257032862313,-2.00935115309956
117,-0.692476805620787,-3.14058443989981,-2.15367768068783,-1.92954696948525
117.5,-0.837734065283073,-3.1721113251236,-2.18071418822426,-1.87862183445892
118,-0.959024638833416,-3.22250160541594,-2.24558311784907,-1.85648261090489
118.5,-1.05387470711604,-3.29551730679545,-2.35026226718012,-1.86304256220002
119,-1.12069697885456,-3.39469499124342,-2.49687769010788,-1.89816920287298
119.5,-1.15896337163077,-3.52332938549642,-2.68777889534715,-1.9616186992176
120,-1.16929108094701,-3.68445134935834,-2.92561979186892,-2.05295208734319
120.5,-1.15342645453438,-3.88078768420809,-3.21345024381364,-2.17142771664494
121,-1.11412996491986,-4.11468678218975,-3.55482401436352,-2.31586372674919
121.5,-1.05498343249593,-4.38798847554112,-3.9539302064759,-2.48446457462092
122,-0.980152203485728,-4.70180791805757,-4.41575708939628,-2.67460765642826
122.5,-0.894137680418029,-5.05619155074472,-4.94629932145343,-2.88259160296096
123,-0.801550303218449,-5.44958926859042,-5.55282145419311,-3.10335934979946
123.5,-0.706923019842109,-5.87807609043199,-6.24419026842443,-3.3302295411238
124,-0.61457423463019,-6.33426420057833,-7.03128010691561,-3.554701140311
124.5,-0.528520003898857,-6.80590739116424,-7.92742209103669,-3.7664355541504
125,-0.452429169063357,-7.27437951381875,-8.94876133144889,-3.95355467791353
125.5,-0.389612183182745,-7.71358546471741,-10.1140633526049,-4.10339242879119
126,-0.343033863385821,-8.09042439603518,-11.442547064364,-4.20376059704346
126.5,-0.315341248493626,-8.36830663013232,-12.9454706670195,-4.24461321705428
127,-0.308899340050465,-8.51452276671655,-14.5992937792958,-4.21975913619157
127.5,-0.32582918499889,-8.50974007323442,-16.2724954583028,-4.12811168214459
128,-0.368044188440611,-8.35492765382134,-17.5939182721912,-3.97402921048837
128.5,-0.437281569623925,-8.07122716832285,-17.992962424114,-3.76661626817492
129,-0.535126439646964,-7.69286374474162,-17.2985524024874,-3.518251065002
129.5,-0.663026073267485,-7.25766974268324,-15.9944331123005,-3.24284073685021
130,-0.822291557552489,-6.79985030090795,-14.5804160443621,-2.95427692642578
130.5,-1.01408308918012,-6.34660630195944,-13.2822400562766,-2.66535767391313
131,-1.23937368493868,-5.91776361604347,-12.1610181523901,-2.38721709597306
131.5,-1.49888385841861,-5.5269089083182,-11.217691737737,-2.12916327702254
132,-1.79297679334304,-5.18293225092697,-10.4366062106553,-1.89877986919112
132.5,-2.12149970203169,-4.89143472481176,-9.80006582324949,-1.70216296375079
133,-2.48355271599478,-4.65582849695098,-9.29254493781592,-1.54420316267088
133.5,-2.87716295327383,-4.47813094528124,-8.90152962520351,-1.42885988259069
134,-3.2988412467402,-4.35951266724302,-8.61734945985381,-1.35940189647861
134.5,-3.74300864626912,-4.30066542164878,-8.43277256752647,-1.33860439509248
135,-4.20131080801047,-4.30204451901377,-8.34260335535655,-1.36890086257191
135.5,-4.66190830375238,-4.36402562632319,-8.3433426114311,-1.45249044586829
136,-5.10895692854969,-4.48700339438636,-8.43290835135956,-1.59140007988001
136.5,-5.52266693045748,-4.67144970903028,-8.61039207908596,-1.78749622877371
137,-5.88047192230654,-4.91794227037715,-8.87580887363085,-2.04243359692563
137.5,-6.15974621570443,-5.22716883262738,-9.22977613971562,-2.35751656059373
138,-6.34194317122778,-5.59990800731581,-9.67301210959065,-2.73343161166421
138.5,-6.41703410572237,-6.03698332437148,-10.2054636756276,-3.16978367450223
139,-6.3863761775605,-6.53918255311849,-10.8247289776936,-3.66433497594197
139.5,-6.26254038747514,-7.10712835091967,-11.5232121859633,-4.21180809554675
140,-6.06619718211419,-7.74107826472172,-12.2831847258352,-4.80210149794916
140.5,-5.82164155992173,-8.44062102767062,-13.0689866062776,-5.41785373778201
141,-5.55279088950472,-9.20422128482598,-13.8172275717244,-6.03165264199896
141.5,-5.28066285101433,-10.0285469414456,-14.4314864201877,-6.60406601905209
142,-5.02237368695468,-10.9074968190539,-14.7971827167006,-7.08506857327519
142.5,-4.7911890919319,-11.8308458498648,-14.8287186855083,-7.4221790444982
143,-4.5971063025821,-12.7824767055386,-14.5223669303918,-7.57585109271823
143.5,-4.44759896520008,-13.7383422864217,-13.9588577566785,-7.53538146507463
144,-4.34832804089716,-14.664704781143,-13.2525049528642,-7.32397295564742
144.5,-4.30374149898626,-15.5178593099028,-12.5019511207493,-6.98871501897469
145,-4.31755009097221,-16.2471546334434,-11.7729343255529,-6.58360645698664
145.5,-4.39309390720367,-16.8026753277008,-11.1026633885662,-6.15639892435067
146,-4.53362138015824,-17.1463548230449,-10.509581178154,-5.74315119405924
146.5,-4.74249920295924,-17.2616148579452,-10.0013548150378,-5.36838306746435
147,-5.02336283185211,-17.1560327688505,-9.57996913804876,-5.04754444739139
147.5,-5.38020303389143,-16.8561638787361,-9.24464017668457,-4.78974162079315
148,-5.81736044478789,-16.398842667509,-8.99338380188945,-4.59992483225909
148.5,-6.33935777782506,-15.8237195824309,-8.82381438265538,-4.48041003574565
149,-6.95041870466878,-15.1687436720609,-8.73351026391035,-4.4318428176058
149.5,-7.6533663578529,-14.4679446667523,-8.72012738711292,-4.45374780900693
150,-8.44729997141497,-13.7504744057381,-8.78134953694377,-4.54477608491959
150.5,-9.32294539476965,-13.0403268633769,-8.91470783639013,-4.70272106934297
151,-10.2539599877748,-12.3565095836965,-9.11726562192617,-4.92433803955296
151.5,-11.1827533591114,-11.7135321834483,-9.38513813358789,-5.20497853874898
152,-12.0043696574174,-11.1220713347619,-9.71279722542609,-5.53804320717387
152.5,-12.567918457091,-10.5896781511119,-10.0921065734567,-5.91427435837465
153,-12.7300955342287,-10.1214286573815,-10.5110653228505,-6.32097078152507
153.5,-12.4501519686184,-9.72046037984116,-10.952354871339,-6.74133340655458
154,-11.8236345019376,-9.38837135509977,-11.3920536452207,-7.15434427348592
154.5,-11.0081567922242,-9.12547719465103,-11.7993432138899,-7.53577074646754
155,-10.1381097186044,-8.9309296022283,-12.1385004801287,-7.86085907931656
155.5,-9.29701783222439,-8.80270058054422,-12.3743294734312,-8.10873206927683
156,-8.5274854452765,-8.73743536696864,-12.4805678337716,-8.26739059681182
156.5,-7.84765345645179,-8.73017907667432,-12.4479661930633,-8.33722586770507
157,-7.26300660269123,-8.77399360263245,-12.287331559477,-8.33121501075486
157.5,-6.77311665306543,-8.85951117778389,-12.0254686954493,-8.27171057148545
158,-6.37514180268971,-8.97452859676417,-11.6967032527412,-8.18555212570952
158.5,-6.06555320298107,-9.10383436270018,-11.3347136046398,-8.09963907929066
159,-5.84095124944316,-9.22955875681913,-10.9675648800994,-8.03817839783683
159.5,-5.69842630752323,-9.33237399583411,-10.6160687663659,-8.02167880769495
160,-5.63569258304125,-9.39372690326626,-10.2942205137518,-8.06716053186687
160.5,-5.65110556560683,-9.39886651973739,-10.0104694113228,-8.18899127279821
161,-5.74361093496215,-9.33984438579786,-9.76907610779169,-8.39994420417956
161.5,-5.91263652526655,-9.21732508778583,-9.5712463669165,-8.71227477549637
162,-6.15791237563562,-9.04037769704134,-9.41597741013223,-9.13874398985721
162.5,-6.47917653859338,-8.82434294608862,-9.30065748893037,-9.69356241523541
163,-6.87568761857492,-8.58772329755141,-9.22148941148789,-10.3931739254631
163.5,-7.34541089670374,-8.34923489406152,-9.17380791107121,-11.2565421816486
164,-7.88366867385594,-8.12573473709993,-9.15234955073748,-12.3037993241835
164.5,-8.48096060747128,-7.93115871181098,-9.15151949109443,-13.5496897664562
165,-9.11964352707442,-7.77623696941091,-9.16568300903988,-14.9812362877864
165.5,-9.76945792883853,-7.6686512481873,-9.18949061854153,-16.4930393041436
166,-10.3830417229281,-7.61335419824592,-9.21822456596076,-17.7533063795873
166.5,-10.895159532375,-7.61286976191585,-9.24813444172923,-18.1739167180987
167,-11.2322198050306,-7.66747797454736,-9.27671613799162,-17.4616047173092
167.5,-11.3358671540406,-7.77524467053349,-9.30288712367786,-16.0528537171764
168,-11.1903652060392,-7.93189580047593,-9.32702460854744,-14.4997888495828
168.5,-10.831313684468,-8.13057340094507,-9.35085849657293,-13.0687220140376
169,-10.3271380446029,-8.36156156801785,-9.37723965761116,-11.8350735098882
169.5,-9.75081365039196,-8.61214573624029,-9.40982604638206,-10.8030644833725
170,-9.16159007239102,-8.86685815880301,-9.45273797298834,-9.95718100539385
170.5,-8.60035635156967,-9.10841873655561,-9.5102287721068,-9.27932049107513
171,-8.09254407884947,-9.31960538179231,-9.58640270622643,-8.7537322144924
171.5,-7.65288984577889,-9.48597903285337,-9.68499454523356,-8.36803338199478
172,-7.28951772352251,-9.5988735378416,-9.80921007898773,-8.11306649904885
172.5,-7.00680325296806,-9.65763113044568,-9.96161640302458,-7.98248849387067
173,-6.80721456260818,-9.67014643587304,-10.1440653182498,-7.97235937633347
173.5,-6.69245470747532,-9.65149108066523,-10.3576313698769,-8.08078706532864
174,-6.66416963230118,-9.62126863095004,-10.6025463486576,-8.30760379225118
174.5,-6.72440076729889,-9.60076596069522,-10.8781132751198,-8.6539970452924
175,-6.87589335612891,-9.61074512255975,-11.1825844909787,-9.12194466458187
175.5,-7.12232348228698,-9.67019110296525,-11.51299093812,-9.71316149911416
176,-7.46846929168566,-9.7958920848963,-11.8649146624371,-10.4269803766728
176.5,-7.92031133359949,-10.0025267559655,-12.2322072258686,-11.2560564387587
177,-8.48498085142541,-10.3028964083302,-12.6066779271742,-12.1779702146253
177.5,-9.17033823228375,-10.7079300206353,-12.9778131787071,-13.1403971055672
178,-9.98365698760217,-11.225979651337,-13.3326446877436,-14.0410690284455
178.5,-10.9281936484663,-11.8605796662582,-13.6559498565123,-14.7198854982083
179,-11.9949370947521,-12.6051107870511,-13.931008120561,-15.005599354791
179.5,-13.144285888171,-13.4317016331995,-14.141084808637,-14.8264691783443
180,-14.2715989732952,-14.2715989732952,-14.2715989732953,-14.2715989732952
